ID,Nationality_Name,Description
NT001,American,"The United States, known for its diverse culture and vast landscapes, has a significant influence on global politics, economics, and culture. Its history is marked by the pursuit of freedom and democracy, as well as social movements that advocate for civil rights and equality."
NT002,British,"The United Kingdom, comprised of England, Scotland, Wales, and Northern Ireland, boasts a rich history and heritage, from its monarchy to its literary contributions. It is known for its historical landmarks, vibrant cities, and cultural diversity, along with its significant role in shaping the modern world."
NT003,Russian,"The largest country in the world, spans Eastern Europe and northern Asia, known for its rich cultural heritage and complex history. It has a diverse population and is famous for its contributions to literature, art, and science, as well as its significant political influence."
NT004,Swedish,"Sweden is renowned for its high standard of living, innovative social welfare systems, and commitment to sustainability. The country is also known for its contributions to music, design, and literature, as well as its rich natural landscapes."
NT005,Irish,"Ireland, known for its lush landscapes and rich cultural traditions, has a history steeped in folklore and music. It has produced significant literary figures and is recognized for its warm hospitality and vibrant pub culture."
NT006,Australian,"Australia is famous for its stunning natural landscapes, from the Great Barrier Reef to its unique wildlife. The country has a rich Indigenous culture and is known for its laid-back lifestyle, outdoor activities, and multicultural society."
NT007,Canadian,"Canada is celebrated for its vast wilderness and natural beauty, encompassing mountains, forests, and lakes. It is known for its multicultural society and commitment to inclusivity, making it a welcoming destination for immigrants from around the world."
NT008,Nigerian,"Nigeria, Africa's most populous country, is rich in cultural diversity with over 250 ethnic groups and numerous languages. It has a vibrant arts scene, known for its music, literature, and film industry, particularly Nollywood."
NT009,British-Indian,"British-Indian culture reflects a blend of British and Indian traditions, stemming from historical ties and migration. It is characterized by a rich culinary scene, diverse festivals, and contributions to arts and literature, embodying the merging of two rich heritages."
NT010,Italian,"Italy is renowned for its historical landmarks, art, and culinary traditions, from the ruins of Rome to the canals of Venice. It has a profound influence on Western culture, known for its contributions to fashion, music, and design."
NT011,Dominican-American,"Dominican-Americans celebrate a vibrant culture that blends Dominican heritage with American influences, evident in their music, cuisine, and festivals. They contribute significantly to the cultural tapestry of the United States, particularly in areas like New York City."
NT012,Sri Lankan-Canadian,"Sri Lankan-Canadians bring a rich cultural heritage to Canada, characterized by their traditions, festivals, and cuisine. The community is known for its resilience and contributions to Canadian society, enriching its multicultural landscape."
NT013,Afghan-American,"Afghan-Americans represent a rich cultural heritage that combines traditional Afghan customs with American influences. They often engage in community-building and advocacy, highlighting the contributions of Afghans to the cultural diversity of the United States."
NT014,Japanese,"Japan is famous for its unique blend of ancient traditions and cutting-edge technology, evident in its art, architecture, and cuisine. The country is known for its cultural practices, such as tea ceremonies and martial arts, and its impact on global pop culture through anime and video games."
NT015,Chilean,"Chile, known for its diverse landscapes from deserts to mountains, boasts a rich cultural heritage influenced by Indigenous peoples and Spanish colonization. It is recognized for its contributions to literature, particularly in poetry, and its vibrant wine industry."